-- Airlines
INSERT INTO Airlines VALUES
(1, 'Emirates', 'UAE'),
(2, 'Delta Air Lines', 'USA'),
(3, 'British Airways', 'UK'),
(4, 'Lufthansa', 'Germany'),
(5, 'Air France', 'France'),
(6, 'Qatar Airways', 'Qatar'),
(7, 'Singapore Airlines', 'Singapore'),
(8, 'Etihad Airways', 'UAE'),
(9, 'Turkish Airlines', 'Turkey'),
(10, 'Air India', 'India'),
(11, 'Cathay Pacific', 'Hong Kong'),
(12, 'Qantas', 'Australia'),
(13, 'KLM Royal Dutch', 'Netherlands'),
(14, 'ANA', 'Japan'),
(15, 'Asiana Airlines', 'South Korea'),
(16, 'Thai Airways', 'Thailand'),
(17, 'Ethiopian Airlines', 'Ethiopia'),
(18, 'Southwest Airlines', 'USA'),
(19, 'Ryanair', 'Ireland'),
(20, 'Jet Airways', 'India'),
(21, 'Air Canada', 'Canada'),
(22, 'China Eastern', 'China'),
(23, 'LATAM', 'Chile'),
(24, 'Alaska Airlines', 'USA'),
(25, 'Saudi Airlines', 'Saudi Arabia');

-- Airports
INSERT INTO Airports VALUES
('DXB', 'Dubai International Airport', 'Dubai', 'UAE'),
('LHR', 'Heathrow Airport', 'London', 'UK'),
('JFK', 'John F. Kennedy International Airport', 'New York', 'USA'),
('DEL', 'Indira Gandhi International Airport', 'Delhi', 'India'),
('CDG', 'Charles de Gaulle Airport', 'Paris', 'France'),
('SYD', 'Sydney Airport', 'Sydney', 'Australia'),
('SIN', 'Changi Airport', 'Singapore', 'Singapore'),
('DOH', 'Hamad International', 'Doha', 'Qatar'),
('FRA', 'Frankfurt Airport', 'Frankfurt', 'Germany'),
('HND', 'Haneda Airport', 'Tokyo', 'Japan'),
('ICN', 'Incheon Airport', 'Seoul', 'South Korea'),
('AMS', 'Amsterdam Schiphol', 'Amsterdam', 'Netherlands'),
('BOM', 'Chhatrapati Shivaji Airport', 'Mumbai', 'India'),
('MEL', 'Melbourne Airport', 'Melbourne', 'Australia'),
('CPT', 'Cape Town International', 'Cape Town', 'South Africa'),
('LAX', 'Los Angeles International', 'Los Angeles', 'USA'),
('YYZ', 'Toronto Pearson', 'Toronto', 'Canada'),
('IST', 'Istanbul Airport', 'Istanbul', 'Turkey'),
('BKK', 'Suvarnabhumi Airport', 'Bangkok', 'Thailand'),
('ADD', 'Bole International Airport', 'Addis Ababa', 'Ethiopia'),
('SFO', 'San Francisco Airport', 'San Francisco', 'USA'),
('GRU', 'São Paulo Guarulhos', 'São Paulo', 'Brazil'),
('MUC', 'Munich Airport', 'Munich', 'Germany'),
('JNB', 'O.R. Tambo Airport', 'Johannesburg', 'South Africa'),
('PEK', 'Beijing Capital', 'Beijing', 'China'),
('SHA', 'Shanghai Hongqiao', 'Shanghai', 'China'),
('DME', 'Domodedovo Airport', 'Moscow', 'Russia'),
('EZE', 'Ministro Pistarini', 'Buenos Aires', 'Argentina'),
('SVO', 'Sheremetyevo Airport', 'Moscow', 'Russia'),
('MAN', 'Manchester Airport', 'Manchester', 'UK');

-- Flights
INSERT INTO Flights VALUES
(101, 'EK202', 'DXB', 'LHR', '2025-05-01 08:00:00', '2025-05-01 12:30:00', 'A380', 'On Time', 5500, 1),
(102, 'EK203', 'DXB', 'JFK', '2025-05-02 09:00:00', '2025-05-02 17:00:00', 'B777', 'Delayed', 11000, 1),
(103, 'EK204', 'DXB', 'DEL', '2025-05-03 06:00:00', '2025-05-03 10:00:00', 'A320', 'On Time', 2200, 1),
(104, 'EK205', 'DXB', 'SYD', '2025-05-04 22:00:00', '2025-05-05 08:00:00', 'A380', 'On Time', 12000, 1),
(105, 'EK206', 'DXB', 'CDG', '2025-05-05 07:30:00', '2025-05-05 12:00:00', 'A330', 'Cancelled', 5200, 1),
(106, 'QR123', 'DOH', 'IST', '2025-05-06 10:00:00', '2025-05-06 13:30:00', 'B787', 'On Time', 3000, 6),
(107, 'AF456', 'CDG', 'YYZ', '2025-05-07 15:00:00', '2025-05-07 22:00:00', 'A330', 'On Time', 6500, 5),
(108, 'LH789', 'FRA', 'LAX', '2025-05-08 12:00:00', '2025-05-08 20:00:00', 'B747', 'Delayed', 9600, 4),
(109, 'QF111', 'SYD', 'SIN', '2025-05-09 18:00:00', '2025-05-09 22:00:00', 'A380', 'On Time', 6300, 12),
(110, 'BA777', 'LHR', 'DXB', '2025-05-10 13:00:00', '2025-05-10 21:00:00', 'B777', 'On Time', 5500, 3);

-- Passengers (100 records)
INSERT INTO Passengers (PassengerID, FirstName, LastName, DateOfBirth, Gender, Nationality) VALUES
(1, 'James', 'Smith', '1985-07-12', 'Male', 'USA'),
(2, 'Maria', 'Garcia', '1990-05-23', 'Female', 'Spain'),
(3, 'John', 'Williams', '1978-10-11', 'Male', 'UK'),
(4, 'Linda', 'Brown', '1982-03-15', 'Female', 'Canada'),
(5, 'Michael', 'Jones', '1995-12-30', 'Male', 'Australia'),
(6, 'Patricia', 'Davis', '1988-07-20', 'Female', 'USA'),
(7, 'Robert', 'Miller', '1975-08-04', 'Male', 'Germany'),
(8, 'Jennifer', 'Wilson', '1992-11-29', 'Female', 'UK'),
(9, 'William', 'Moore', '1980-01-19', 'Male', 'Canada'),
(10, 'Elizabeth', 'Taylor', '1986-06-27', 'Female', 'USA'),
(11, 'David', 'Anderson', '1983-04-10', 'Male', 'USA'),
(12, 'Susan', 'Thomas', '1979-09-25', 'Female', 'Australia'),
(13, 'Charles', 'Jackson', '1984-11-03', 'Male', 'UK'),
(14, 'Karen', 'White', '1991-01-14', 'Female', 'Canada'),
(15, 'Joseph', 'Harris', '1987-02-18', 'Male', 'USA'),
(16, 'Nancy', 'Martin', '1990-07-07', 'Female', 'UK'),
(17, 'Thomas', 'Thompson', '1982-06-19', 'Male', 'Australia'),
(18, 'Sarah', 'Garcia', '1989-10-30', 'Female', 'Spain'),
(19, 'Christopher', 'Martinez', '1977-03-21', 'Male', 'Mexico'),
(20, 'Lisa', 'Robinson', '1993-12-05', 'Female', 'UK'),
(21, 'Mark', 'Clark', '1985-08-16', 'Male', 'USA'),
(22, 'Sandra', 'Rodriguez', '1988-04-22', 'Female', 'Argentina'),
(23, 'Paul', 'Lewis', '1976-10-12', 'Male', 'Canada'),
(24, 'Betty', 'Lee', '1983-11-28', 'Female', 'USA'),
(25, 'Steven', 'Walker', '1980-05-15', 'Male', 'UK'),
(26, 'Dorothy', 'Hall', '1987-01-01', 'Female', 'Australia'),
(27, 'Andrew', 'Allen', '1992-09-03', 'Male', 'USA'),
(28, 'Helen', 'Young', '1991-12-19', 'Female', 'Canada'),
(29, 'Kenneth', 'Hernandez', '1984-02-13', 'Male', 'Mexico'),
(30, 'Kimberly', 'King', '1985-07-26', 'Female', 'USA'),
(31, 'Joshua', 'Wright', '1989-03-14', 'Male', 'UK'),
(32, 'Emily', 'Lopez', '1990-08-29', 'Female', 'Spain'),
(33, 'Kevin', 'Hill', '1982-06-23', 'Male', 'Canada'),
(34, 'Donna', 'Scott', '1987-11-09', 'Female', 'Australia'),
(35, 'Brian', 'Green', '1979-04-17', 'Male', 'USA'),
(36, 'Michelle', 'Adams', '1985-09-20', 'Female', 'UK'),
(37, 'Edward', 'Baker', '1983-01-27', 'Male', 'Canada'),
(38, 'Jessica', 'Gonzalez', '1991-03-04', 'Female', 'Mexico'),
(39, 'Ronald', 'Nelson', '1986-12-12', 'Male', 'USA'),
(40, 'Laura', 'Carter', '1988-05-30', 'Female', 'UK'),
(41, 'Jason', 'Mitchell', '1984-07-18', 'Male', 'Australia'),
(42, 'Amy', 'Perez', '1990-10-08', 'Female', 'Spain'),
(43, 'Jeffrey', 'Roberts', '1978-03-10', 'Male', 'Canada'),
(44, 'Angela', 'Turner', '1986-11-22', 'Female', 'USA'),
(45, 'Ryan', 'Phillips', '1989-09-14', 'Male', 'UK'),
(46, 'Melissa', 'Campbell', '1992-05-05', 'Female', 'Australia'),
(47, 'Jacob', 'Parker', '1985-01-30', 'Male', 'USA'),
(48, 'Deborah', 'Evans', '1983-08-25', 'Female', 'Canada'),
(49, 'Gary', 'Edwards', '1977-06-12', 'Male', 'UK'),
(50, 'Stephanie', 'Collins', '1988-02-20', 'Female', 'USA'),
(51, 'Nicholas', 'Stewart', '1984-04-09', 'Male', 'Australia'),
(52, 'Rebecca', 'Sanchez', '1990-07-15', 'Female', 'Spain'),
(53, 'Eric', 'Morris', '1979-12-03', 'Male', 'Canada'),
(54, 'Sharon', 'Rogers', '1987-10-26', 'Female', 'USA'),
(55, 'Stephen', 'Reed', '1982-03-16', 'Male', 'UK'),
(56, 'Cynthia', 'Cook', '1991-11-07', 'Female', 'Australia'),
(57, 'Larry', 'Morgan', '1980-09-28', 'Male', 'USA'),
(58, 'Kathleen', 'Bell', '1985-06-14', 'Female', 'Canada'),
(59, 'Justin', 'Murphy', '1983-01-22', 'Male', 'UK'),
(60, 'Anna', 'Bailey', '1989-04-17', 'Female', 'USA'),
(61, 'Scott', 'Rivera', '1978-05-21', 'Male', 'Australia'),
(62, 'Pamela', 'Cooper', '1990-08-11', 'Female', 'Spain'),
(63, 'Brandon', 'Richardson', '1987-12-01', 'Male', 'Canada'),
(64, 'Katherine', 'Cox', '1984-07-27', 'Female', 'USA'),
(65, 'Benjamin', 'Howard', '1981-11-15', 'Male', 'UK'),
(66, 'Rachel', 'Ward', '1992-09-19', 'Female', 'Australia'),
(67, 'Samuel', 'Torres', '1985-03-07', 'Male', 'Spain'),
(68, 'Debra', 'Peterson', '1988-12-30', 'Female', 'Canada'),
(69, 'Gregory', 'Gray', '1980-01-25', 'Male', 'USA'),
(70, 'Virginia', 'Ramirez', '1991-06-08', 'Female', 'UK'),
(71, 'Frank', 'James', '1983-04-19', 'Male', 'Australia'),
(72, 'Janet', 'Watson', '1987-08-22', 'Female', 'Spain'),
(73, 'Raymond', 'Brooks', '1979-02-28', 'Male', 'Canada'),
(74, 'Maria', 'Kelly', '1985-11-13', 'Female', 'USA'),
(75, 'Patrick', 'Sanders', '1982-06-16', 'Male', 'UK'),
(76, 'Frances', 'Price', '1990-03-03', 'Female', 'Australia'),
(77, 'Jack', 'Bennett', '1984-09-05', 'Male', 'Spain'),
(78, 'Janice', 'Wood', '1989-12-20', 'Female', 'Canada'),
(79, 'Dennis', 'Barnes', '1977-10-11', 'Male', 'USA'),
(80, 'Diana', 'Ross', '1986-05-29', 'Female', 'UK'),
(81, 'Jerry', 'Henderson', '1983-07-15', 'Male', 'Australia'),
(82, 'Carol', 'Coleman', '1991-01-02', 'Female', 'Spain'),
(83, 'Tyler', 'Jenkins', '1980-09-08', 'Male', 'Canada'),
(84, 'Christine', 'Perry', '1987-03-18', 'Female', 'USA'),
(85, 'Aaron', 'Powell', '1985-12-25', 'Male', 'UK'),
(86, 'Martha', 'Long', '1992-08-14', 'Female', 'Australia'),
(87, 'Henry', 'Patterson', '1981-04-20', 'Male', 'Spain'),
(88, 'Evelyn', 'Hughes', '1988-07-10', 'Female', 'Canada'),
(89, 'Douglas', 'Flores', '1979-05-06', 'Male', 'USA'),
(90, 'Jean', 'Washington', '1990-10-28', 'Female', 'UK'),
(91, 'Bruce', 'Butler', '1984-02-15', 'Male', 'Australia'),
(92, 'Julia', 'Simmons', '1986-09-22', 'Female', 'Spain'),
(93, 'Carl', 'Foster', '1983-12-03', 'Male', 'Canada'),
(94, 'Ellen', 'Gonzales', '1989-06-16', 'Female', 'USA'),
(95, 'Roger', 'Bryant', '1978-08-30', 'Male', 'UK'),
(96, 'Marilyn', 'Alexander', '1991-11-11', 'Female', 'Australia'),
(97, 'Keith', 'Russell', '1982-01-07', 'Male', 'Spain'),
(98, 'Theresa', 'Griffin', '1987-04-25', 'Female', 'Canada'),
(99, 'Lawrence', 'Diaz', '1985-09-19', 'Male', 'USA'),
(100, 'Sophia', 'Martinez', '1991-09-12', 'Female', 'Mexico');

INSERT INTO Bookings (BookingID, PassengerID, FlightID, BookingDate, SeatClass, Price) VALUES
(1, 3, 101, '2025-05-01', 'Economy', 350.00),
(2, 7, 102, '2025-05-02', 'Business', 1200.00),
(3, 12, 103, '2025-04-29', 'Economy', 400.00),
(4, 18, 104, '2025-05-03', 'Economy', 370.50),
(5, 22, 105, '2025-05-01', 'Business', 1350.00),
(6, 25, 106, '2025-04-28', 'Economy', 390.75),
(7, 31, 107, '2025-05-04', 'Economy', 355.00),
(8, 34, 108, '2025-05-02', 'Business', 1150.00),
(9, 38, 109, '2025-04-30', 'Economy', 420.00),
(10, 41, 110, '2025-05-05', 'Business', 1400.00),
(11, 45, 101, '2025-05-01', 'Economy', 375.00),
(12, 48, 102, '2025-05-02', 'Economy', 360.00),
(13, 53, 103, '2025-04-28', 'Business', 1250.00),
(14, 57, 104, '2025-05-03', 'Economy', 390.00),
(15, 60, 105, '2025-05-04', 'Business', 1300.00),
(16, 64, 106, '2025-05-02', 'Economy', 400.00),
(17, 67, 107, '2025-05-01', 'Economy', 370.00),
(18, 70, 108, '2025-04-29', 'Business', 1180.00),
(19, 75, 109, '2025-05-05', 'Economy', 385.00),
(20, 78, 110, '2025-05-03', 'Business', 1425.00),
(21, 81, 101, '2025-05-01', 'Economy', 360.00),
(22, 85, 102, '2025-04-30', 'Business', 1280.00),
(23, 89, 103, '2025-05-02', 'Economy', 375.00),
(24, 92, 104, '2025-05-04', 'Economy', 390.00),
(25, 95, 105, '2025-05-01', 'Business', 1350.00),
(26, 97, 106, '2025-05-03', 'Economy', 365.00),
(27, 100, 107, '2025-04-29', 'Economy', 350.00),
(28, 2, 108, '2025-05-05', 'Business', 1200.00),
(29, 5, 109, '2025-05-02', 'Economy', 390.00),
(30, 9, 110, '2025-05-04', 'Business', 1400.00),
(31, 13, 101, '2025-04-30', 'Economy', 365.00),
(32, 16, 102, '2025-05-01', 'Business', 1300.00),
(33, 20, 103, '2025-05-03', 'Economy', 375.00),
(34, 24, 104, '2025-05-02', 'Economy', 380.00),
(35, 27, 105, '2025-05-04', 'Business', 1250.00),
(36, 30, 106, '2025-04-29', 'Economy', 355.00),
(37, 33, 107, '2025-05-01', 'Economy', 365.00),
(38, 36, 108, '2025-05-03', 'Business', 1180.00),
(39, 40, 109, '2025-05-05', 'Economy', 395.00),
(40, 43, 110, '2025-04-28', 'Business', 1350.00),
(41, 47, 101, '2025-05-02', 'Economy', 370.00),
(42, 50, 102, '2025-05-01', 'Business', 1225.00),
(43, 54, 103, '2025-05-04', 'Economy', 380.00),
(44, 58, 104, '2025-05-03', 'Economy', 375.00),
(45, 61, 105, '2025-04-30', 'Business', 1280.00),
(46, 65, 106, '2025-05-01', 'Economy', 360.00),
(47, 68, 107, '2025-05-05', 'Economy', 370.00),
(48, 72, 108, '2025-05-02', 'Business', 1300.00),
(49, 76, 109, '2025-05-04', 'Economy', 385.00),
(50, 79, 110, '2025-04-29', 'Business', 1400.00);


